{"cameraMode":{"drawMode":0,"name":"Shaded","section":"Shading Mode"},"sceneLighting":false,"audioPlay":false,"sceneViewState":{"showFog":true,"showMaterialUpdate":false,"showSkybox":false,"showFlares":true,"showImageEffects":true,"showParticleSystems":true},"in2DMode":false,"pivot":{"x":0.06463855504989624,"y":0.004766844678670168,"z":0.0038574212230741979},"rotation":{"x":0.2531065046787262,"y":-0.008706151507794857,"z":0.0022793635725975038,"w":0.967402994632721},"size":0.504954993724823,"orthographic":true}