{"cameraMode":{"drawMode":0,"name":"Shaded","section":"Shading Mode"},"sceneLighting":false,"audioPlay":false,"sceneViewState":{"showFog":true,"showMaterialUpdate":false,"showSkybox":false,"showFlares":true,"showImageEffects":true,"showParticleSystems":true},"in2DMode":false,"pivot":{"x":0.046917624771595,"y":-0.053071677684783939,"z":0.0279577374458313},"rotation":{"x":0.32005810737609866,"y":-0.08030851185321808,"z":0.02724079228937626,"w":0.9436091184616089},"size":0.44900286197662356,"orthographic":false}