{"cameraMode":{"drawMode":0,"name":"Shaded","section":"Shading Mode"},"sceneLighting":false,"audioPlay":false,"sceneViewState":{"showFog":true,"showMaterialUpdate":false,"showSkybox":true,"showFlares":true,"showImageEffects":true,"showParticleSystems":true},"in2DMode":false,"pivot":{"x":8.39646053314209,"y":0.2051926553249359,"z":-5.209588050842285},"rotation":{"x":0.21378515660762788,"y":0.30215755105018618,"z":-0.0697135478258133,"w":0.9263849854469299},"size":6.336248397827148,"orthographic":true}